method,clean,blur,noise,low_contrast,uneven_light,low_res,jpeg_q6,salt_pepper,kombinasi,mean_CER
adaptive_thresh,0.000,0.000,0.400,0.000,0.000,0.067,0.000,0.173,0.120,0.084
baseline_gray,0.000,0.000,0.000,0.000,0.133,0.133,0.000,0.240,0.707,0.135
otsu,0.000,0.000,0.000,0.000,1.000,0.067,0.000,0.240,0.320,0.181
unsharp,0.000,0.000,0.827,0.000,0.133,0.133,0.000,0.027,0.520,0.182
upscale_median_otsu,0.000,0.067,0.000,0.000,0.267,0.067,0.000,0.240,1.000,0.182
clahe,0.000,0.000,0.840,0.000,1.000,0.133,0.000,0.040,0.733,0.305
clahe_bilateral_otsu,0.000,0.067,1.000,0.000,1.000,0.000,0.000,0.227,0.840,0.348
upscale_clahe_sharpen,0.000,0.000,1.000,0.000,0.333,0.000,0.000,1.000,1.000,0.370
hist_equalization,0.267,1.000,0.427,1.000,0.333,1.000,1.000,0.933,1.000,0.773
